theta(degree),Height(m),v0(m/s),t(s),x(m),label,label2
42,2.4,14,2.127,22.135,1,1
42,2.4,13,2.004,19.36,,1
41,2.4,12,1.854,16.791,,1
41,2.4,11,1.737,14.42,,1
40,2.4,10,1.599,12.249,,1
39,2.4,9,1.468,10.271,,1
43,2.4,14,2.161,22.126,,
41,2.4,14,2.093,22.12,,
44,2.4,14,2.194,22.095,,
40,2.4,14,2.059,22.087,,
45,2.4,14,2.226,22.041,,
39,2.4,14,2.024,22.027,,
46,2.4,14,2.258,21.964,,
38,2.4,14,1.989,21.948,,
47,2.4,14,2.29,21.865,,
37,2.4,14,1.954,21.847,,
48,2.4,14,2.321,21.743,,
36,2.4,14,1.918,21.729,,
49,2.4,14,2.351,21.598,,
35,2.4,14,1.882,21.589,,
50,2.4,14,2.381,21.431,,
34,2.4,14,1.846,21.426,,
33,2.4,14,1.809,21.246,,
32,2.4,14,1.773,21.05,,
31,2.4,14,1.736,20.833,,
30,2.4,14,1.698,20.593,,
41,2.4,13,1.973,19.358,,
43,2.4,13,2.035,19.348,,
40,2.4,13,1.941,19.335,,
44,2.4,13,2.065,19.311,,
39,2.4,13,1.91,19.297,,
45,2.4,13,2.095,19.258,,
38,2.4,13,1.877,19.233,,
46,2.4,13,2.124,19.185,,
37,2.4,13,1.845,19.16,,
47,2.4,13,2.153,19.093,,
36,2.4,13,1.812,19.062,,
48,2.4,13,2.182,18.981,,
35,2.4,13,1.779,18.95,,
49,2.4,13,2.21,18.849,,
34,2.4,13,1.746,18.823,,
50,2.4,13,2.237,18.697,,
33,2.4,13,1.713,18.676,,
32,2.4,13,1.679,18.51,,
31,2.4,13,1.645,18.336,,
30,2.4,13,1.611,18.143,,
42,2.4,12,1.882,16.788,,
40,2.4,12,1.825,16.781,,
43,2.4,12,1.91,16.767,,
39,2.4,12,1.796,16.754,,
44,2.4,12,1.938,16.729,,
38,2.4,12,1.767,16.714,,
45,2.4,12,1.965,16.674,,
37,2.4,12,1.738,16.656,,
46,2.4,12,1.992,16.605,,
36,2.4,12,1.708,16.582,,
47,2.4,12,2.018,16.519,,
35,2.4,12,1.678,16.494,,
48,2.4,12,2.044,16.416,,
34,2.4,12,1.648,16.395,,
49,2.4,12,2.07,16.297,,
33,2.4,12,1.617,16.279,,
50,2.4,12,2.095,16.16,,
32,2.4,12,1.587,16.15,,
31,2.4,12,1.556,16.005,,
30,2.4,12,1.525,15.853,,
40,2.4,11,1.711,14.418,,
42,2.4,11,1.762,14.408,,
39,2.4,11,1.685,14.404,,
43,2.4,11,1.787,14.38,,
38,2.4,11,1.658,14.376,,
44,2.4,11,1.812,14.342,,
37,2.4,11,1.632,14.337,,
45,2.4,11,1.837,14.289,,
36,2.4,11,1.605,14.288,,
46,2.4,11,1.861,14.224,,
35,2.4,11,1.578,14.223,,
34,2.4,11,1.551,14.144,,
47,2.4,11,1.885,14.141,,
33,2.4,11,1.524,14.059,,
48,2.4,11,1.908,14.047,,
32,2.4,11,1.496,13.96,,
49,2.4,11,1.931,13.939,,
31,2.4,11,1.468,13.846,,
50,2.4,11,1.954,13.82,,
30,2.4,11,1.441,13.727,,
39,2.4,10,1.575,12.244,,
41,2.4,10,1.622,12.241,,
38,2.4,10,1.552,12.23,,
42,2.4,10,1.644,12.221,,
37,2.4,10,1.528,12.207,,
43,2.4,10,1.667,12.192,,
36,2.4,10,1.504,12.172,,
44,2.4,10,1.689,12.153,,
35,2.4,10,1.48,12.128,,
45,2.4,10,1.711,12.099,,
34,2.4,10,1.456,12.075,,
46,2.4,10,1.733,12.038,,
33,2.4,10,1.432,12.01,,
47,2.4,10,1.754,11.962,,
32,2.4,10,1.407,11.936,,
48,2.4,10,1.775,11.877,,
31,2.4,10,1.383,11.855,,
49,2.4,10,1.795,11.78,,
30,2.4,10,1.358,11.765,,
50,2.4,10,1.816,11.673,,
38,2.4,9,1.448,10.269,,
40,2.4,9,1.489,10.266,,
37,2.4,9,1.427,10.257,,
41,2.4,9,1.509,10.25,,
36,2.4,9,1.406,10.237,,
42,2.4,9,1.529,10.226,,
35,2.4,9,1.385,10.211,,
43,2.4,9,1.549,10.196,,
34,2.4,9,1.363,10.174,,
44,2.4,9,1.568,10.155,,
33,2.4,9,1.342,10.133,,
45,2.4,9,1.588,10.106,,
32,2.4,9,1.321,10.082,,
46,2.4,9,1.607,10.047,,
31,2.4,9,1.299,10.021,,
47,2.4,9,1.625,9.977,,
30,2.4,9,1.277,9.957,,
48,2.4,9,1.644,9.9,,
49,2.4,9,1.662,9.813,,
50,2.4,9,1.68,9.719,,
42,2.3,14,2.118,22.041,1,
43,2.3,14,2.152,22.034,,
41,2.3,14,2.084,22.025,,
44,2.3,14,2.185,22.01,,
40,2.3,14,2.05,21.991,,
45,2.3,14,2.218,21.957,,
39,2.3,14,2.015,21.929,,
46,2.3,14,2.25,21.882,,
38,2.3,14,1.98,21.849,,
47,2.3,14,2.281,21.784,,
37,2.3,14,1.945,21.747,,
48,2.3,14,2.313,21.668,,
36,2.3,14,1.909,21.622,,
49,2.3,14,2.343,21.525,,
35,2.3,14,1.873,21.48,,
50,2.3,14,2.373,21.359,,
34,2.3,14,1.836,21.315,,
33,2.3,14,1.799,21.129,,
32,2.3,14,1.763,20.932,,
31,2.3,14,1.725,20.707,,
30,2.3,14,1.688,20.472,,
42,2.3,13,1.995,19.273,,
41,2.3,13,1.964,19.269,,
43,2.3,13,2.026,19.262,,
40,2.3,13,1.932,19.24,,
44,2.3,13,2.056,19.227,,
39,2.3,13,1.9,19.201,,
45,2.3,13,2.086,19.175,,
38,2.3,13,1.868,19.136,,
46,2.3,13,2.115,19.104,,
37,2.3,13,1.835,19.057,,
47,2.3,13,2.144,19.013,,
36,2.3,13,1.802,18.957,,
48,2.3,13,2.173,18.907,,
35,2.3,13,1.769,18.843,,
49,2.3,13,2.201,18.776,,
34,2.3,13,1.736,18.71,,
50,2.3,13,2.229,18.626,,
33,2.3,13,1.702,18.562,,
32,2.3,13,1.668,18.395,,
31,2.3,13,1.634,18.214,,
30,2.3,13,1.6,18.019,,
41,2.3,12,1.844,16.705,,
42,2.3,12,1.873,16.703,,
40,2.3,12,1.815,16.689,,
43,2.3,12,1.901,16.684,,
39,2.3,12,1.786,16.66,,
44,2.3,12,1.928,16.647,,
38,2.3,12,1.757,16.614,,
45,2.3,12,1.956,16.597,,
37,2.3,12,1.727,16.556,,
46,2.3,12,1.982,16.526,,
36,2.3,12,1.697,16.48,,
47,2.3,12,2.009,16.442,,
35,2.3,12,1.667,16.391,,
48,2.3,12,2.035,16.344,,
34,2.3,12,1.637,16.286,,
49,2.3,12,2.061,16.226,,
33,2.3,12,1.606,16.168,,
50,2.3,12,2.086,16.09,,
32,2.3,12,1.576,16.038,,
31,2.3,12,1.545,15.892,,
30,2.3,12,1.514,15.734,,
40,2.3,11,1.701,14.333,,
41,2.3,11,1.726,14.333,,
42,2.3,11,1.752,14.326,,
39,2.3,11,1.674,14.315,,
43,2.3,11,1.777,14.3,,
38,2.3,11,1.648,14.285,,
44,2.3,11,1.802,14.263,,
37,2.3,11,1.621,14.245,,
45,2.3,11,1.827,14.215,,
36,2.3,11,1.594,14.19,,
46,2.3,11,1.851,14.148,,
35,2.3,11,1.567,14.124,,
47,2.3,11,1.875,14.07,,
34,2.3,11,1.54,14.044,,
48,2.3,11,1.899,13.977,,
33,2.3,11,1.512,13.953,,
49,2.3,11,1.922,13.874,,
32,2.3,11,1.485,13.853,,
50,2.3,11,1.945,13.752,,
31,2.3,11,1.457,13.738,,
30,2.3,11,1.429,13.613,,
40,2.3,10,1.588,12.165,,
39,2.3,10,1.564,12.158,,
41,2.3,10,1.611,12.158,,
38,2.3,10,1.541,12.143,,
42,2.3,10,1.634,12.143,,
37,2.3,10,1.517,12.115,,
43,2.3,10,1.656,12.115,,
36,2.3,10,1.493,12.079,,
44,2.3,10,1.679,12.078,,
35,2.3,10,1.469,12.033,,
45,2.3,10,1.701,12.028,,
34,2.3,10,1.444,11.975,,
46,2.3,10,1.722,11.965,,
33,2.3,10,1.42,11.913,,
47,2.3,10,1.744,11.894,,
32,2.3,10,1.395,11.835,,
48,2.3,10,1.765,11.81,,
31,2.3,10,1.371,11.752,,
49,2.3,10,1.785,11.714,,
30,2.3,10,1.346,11.657,,
50,2.3,10,1.806,11.609,,
39,2.3,9,1.457,10.191,,
40,2.3,9,1.477,10.186,,
38,2.3,9,1.436,10.184,,
41,2.3,9,1.498,10.175,,
37,2.3,9,1.415,10.171,,
42,2.3,9,1.518,10.153,,
36,2.3,9,1.394,10.15,,
43,2.3,9,1.538,10.123,,
35,2.3,9,1.373,10.122,,
34,2.3,9,1.351,10.084,,
44,2.3,9,1.557,10.083,,
33,2.3,9,1.33,10.039,,
45,2.3,9,1.577,10.036,,
32,2.3,9,1.308,9.987,,
46,2.3,9,1.596,9.978,,
31,2.3,9,1.287,9.929,,
47,2.3,9,1.615,9.913,,
30,2.3,9,1.265,9.86,,
48,2.3,9,1.633,9.837,,
49,2.3,9,1.651,9.751,,
50,2.3,9,1.669,9.658,,
42,2.2,14,2.11,21.952,1,
43,2.2,14,2.143,21.947,,
41,2.2,14,2.076,21.935,,
44,2.2,14,2.176,21.919,,
40,2.2,14,2.041,21.894,,
45,2.2,14,2.209,21.873,,
39,2.2,14,2.006,21.831,,
46,2.2,14,2.241,21.799,,
38,2.2,14,1.971,21.744,,
47,2.2,14,2.273,21.707,,
37,2.2,14,1.935,21.641,,
48,2.2,14,2.304,21.588,,
36,2.2,14,1.899,21.514,,
49,2.2,14,2.335,21.447,,
35,2.2,14,1.863,21.365,,
50,2.2,14,2.365,21.287,,
34,2.2,14,1.826,21.199,,
33,2.2,14,1.789,21.011,,
32,2.2,14,1.752,20.807,,
31,2.2,14,1.715,20.581,,
30,2.2,14,1.677,20.339,,
42,2.2,13,1.985,19.182,,
41,2.2,13,1.954,19.176,,
43,2.2,13,2.016,19.172,,
40,2.2,13,1.922,19.145,,
44,2.2,13,2.047,19.142,,
39,2.2,13,1.89,19.1,,
45,2.2,13,2.077,19.093,,
38,2.2,13,1.858,19.039,,
46,2.2,13,2.107,19.027,,
37,2.2,13,1.825,18.953,,
47,2.2,13,2.136,18.938,,
36,2.2,13,1.792,18.852,,
48,2.2,13,2.164,18.828,,
35,2.2,13,1.759,18.737,,
49,2.2,13,2.193,18.704,,
34,2.2,13,1.726,18.602,,
50,2.2,13,2.22,18.555,,
33,2.2,13,1.692,18.447,,
32,2.2,13,1.658,18.279,,
31,2.2,13,1.624,18.097,,
30,2.2,13,1.589,17.895,,
41,2.2,12,1.834,16.614,,
42,2.2,12,1.863,16.614,,
40,2.2,12,1.805,16.597,,
43,2.2,12,1.891,16.596,,
39,2.2,12,1.776,16.567,,
44,2.2,12,1.919,16.565,,
38,2.2,12,1.747,16.52,,
45,2.2,12,1.946,16.517,,
37,2.2,12,1.717,16.455,,
46,2.2,12,1.973,16.451,,
36,2.2,12,1.687,16.378,,
47,2.2,12,2,16.368,,
35,2.2,12,1.657,16.288,,
48,2.2,12,2.026,16.268,,
34,2.2,12,1.626,16.181,,
49,2.2,12,2.052,16.155,,
33,2.2,12,1.596,16.062,,
50,2.2,12,2.077,16.021,,
32,2.2,12,1.565,15.926,,
31,2.2,12,1.534,15.779,,
30,2.2,12,1.502,15.614,,
41,2.2,11,1.716,14.25,,
40,2.2,11,1.69,14.245,,
42,2.2,11,1.742,14.24,,
39,2.2,11,1.664,14.225,,
43,2.2,11,1.767,14.219,,
38,2.2,11,1.637,14.194,,
44,2.2,11,1.792,14.184,,
37,2.2,11,1.61,14.148,,
45,2.2,11,1.817,14.137,,
36,2.2,11,1.583,14.092,,
46,2.2,11,1.842,14.075,,
35,2.2,11,1.556,14.021,,
47,2.2,11,1.866,13.999,,
34,2.2,11,1.529,13.944,,
48,2.2,11,1.889,13.908,,
33,2.2,11,1.501,13.847,,
49,2.2,11,1.913,13.805,,
32,2.2,11,1.473,13.746,,
50,2.2,11,1.935,13.685,,
31,2.2,11,1.445,13.629,,
30,2.2,11,1.417,13.504,,
40,2.2,10,1.577,12.081,,
41,2.2,10,1.6,12.075,,
39,2.2,10,1.553,12.073,,
42,2.2,10,1.623,12.061,,
38,2.2,10,1.529,12.053,,
43,2.2,10,1.646,12.038,,
37,2.2,10,1.506,12.027,,
44,2.2,10,1.668,11.999,,
36,2.2,10,1.481,11.986,,
45,2.2,10,1.69,11.954,,
35,2.2,10,1.457,11.939,,
46,2.2,10,1.712,11.893,,
34,2.2,10,1.433,11.88,,
47,2.2,10,1.733,11.822,,
33,2.2,10,1.408,11.813,,
48,2.2,10,1.755,11.743,,
32,2.2,10,1.383,11.733,,
31,2.2,10,1.359,11.649,,
49,2.2,10,1.775,11.648,,
30,2.2,10,1.334,11.553,,
50,2.2,10,1.796,11.544,,
39,2.2,9,1.445,10.107,,
40,2.2,9,1.466,10.107,,
38,2.2,9,1.424,10.103,,
41,2.2,9,1.486,10.097,,
37,2.2,9,1.403,10.088,,
42,2.2,9,1.506,10.076,,
36,2.2,9,1.382,10.063,,
43,2.2,9,1.526,10.048,,
35,2.2,9,1.361,10.034,,
44,2.2,9,1.546,10.012,,
34,2.2,9,1.339,9.994,,
45,2.2,9,1.566,9.966,,
33,2.2,9,1.317,9.945,,
46,2.2,9,1.585,9.909,,
32,2.2,9,1.296,9.892,,
47,2.2,9,1.604,9.845,,
31,2.2,9,1.274,9.828,,
48,2.2,9,1.622,9.771,,
30,2.2,9,1.252,9.762,,
49,2.2,9,1.641,9.689,,
50,2.2,9,1.659,9.597,,
43,2.1,14,2.135,21.86,1,
42,2.1,14,2.101,21.859,,
41,2.1,14,2.067,21.84,,
44,2.1,14,2.168,21.833,,
40,2.1,14,2.032,21.792,,
45,2.1,14,2.201,21.789,,
39,2.1,14,1.997,21.727,,
46,2.1,14,2.233,21.716,,
38,2.1,14,1.961,21.64,,
47,2.1,14,2.265,21.626,,
37,2.1,14,1.926,21.534,,
48,2.1,14,2.296,21.513,,
36,2.1,14,1.89,21.407,,
49,2.1,14,2.327,21.373,,
35,2.1,14,1.853,21.256,,
50,2.1,14,2.357,21.215,,
34,2.1,14,1.816,21.083,,
33,2.1,14,1.779,20.894,,
32,2.1,14,1.742,20.688,,
31,2.1,14,1.705,20.461,,
30,2.1,14,1.667,20.211,,
42,2.1,13,1.976,19.095,,
43,2.1,13,2.007,19.087,,
41,2.1,13,1.945,19.083,,
44,2.1,13,2.038,19.058,,
40,2.1,13,1.913,19.051,,
45,2.1,13,2.068,19.01,,
39,2.1,13,1.881,19.004,,
46,2.1,13,2.098,18.946,,
38,2.1,13,1.848,18.936,,
47,2.1,13,2.127,18.858,,
37,2.1,13,1.815,18.849,,
48,2.1,13,2.156,18.754,,
36,2.1,13,1.782,18.747,,
49,2.1,13,2.184,18.631,,
35,2.1,13,1.749,18.625,,
34,2.1,13,1.715,18.489,,
50,2.1,13,2.212,18.484,,
33,2.1,13,1.681,18.333,,
32,2.1,13,1.647,18.163,,
31,2.1,13,1.613,17.974,,
30,2.1,13,1.578,17.771,,
42,2.1,12,1.853,16.525,,
41,2.1,12,1.824,16.524,,
43,2.1,12,1.881,16.513,,
40,2.1,12,1.795,16.505,,
44,2.1,12,1.909,16.483,,
39,2.1,12,1.766,16.474,,
45,2.1,12,1.937,16.436,,
38,2.1,12,1.736,16.421,,
46,2.1,12,1.964,16.372,,
37,2.1,12,1.707,16.359,,
47,2.1,12,1.99,16.29,,
36,2.1,12,1.676,16.276,,
48,2.1,12,2.017,16.196,,
35,2.1,12,1.646,16.18,,
49,2.1,12,2.043,16.084,,
34,2.1,12,1.615,16.072,,
50,2.1,12,2.068,15.951,,
33,2.1,12,1.584,15.946,,
32,2.1,12,1.553,15.809,,
31,2.1,12,1.522,15.66,,
30,2.1,12,1.491,15.495,,
41,2.1,11,1.706,14.163,,
42,2.1,11,1.731,14.154,,
40,2.1,11,1.679,14.152,,
43,2.1,11,1.757,14.139,,
39,2.1,11,1.653,14.135,,
44,2.1,11,1.782,14.104,,
38,2.1,11,1.626,14.099,,
45,2.1,11,1.807,14.059,,
37,2.1,11,1.599,14.052,,
46,2.1,11,1.832,13.999,,
36,2.1,11,1.572,13.994,,
47,2.1,11,1.856,13.924,,
35,2.1,11,1.545,13.921,,
34,2.1,11,1.517,13.839,,
48,2.1,11,1.88,13.838,,
33,2.1,11,1.489,13.741,,
49,2.1,11,1.903,13.733,,
32,2.1,11,1.461,13.634,,
50,2.1,11,1.926,13.618,,
31,2.1,11,1.433,13.516,,
30,2.1,11,1.405,13.389,,
40,2.1,10,1.566,11.996,,
41,2.1,10,1.589,11.992,,
39,2.1,10,1.542,11.984,,
42,2.1,10,1.612,11.979,,
38,2.1,10,1.518,11.966,,
43,2.1,10,1.635,11.958,,
37,2.1,10,1.494,11.936,,
44,2.1,10,1.657,11.923,,
36,2.1,10,1.47,11.893,,
45,2.1,10,1.68,11.879,,
35,2.1,10,1.445,11.841,,
46,2.1,10,1.701,11.82,,
34,2.1,10,1.421,11.781,,
47,2.1,10,1.723,11.754,,
33,2.1,10,1.396,11.712,,
48,2.1,10,1.744,11.673,,
32,2.1,10,1.371,11.631,,
49,2.1,10,1.765,11.583,,
31,2.1,10,1.346,11.542,,
50,2.1,10,1.786,11.48,,
30,2.1,10,1.321,11.445,,
39,2.1,9,1.433,10.026,,
40,2.1,9,1.454,10.024,,
38,2.1,9,1.412,10.018,,
41,2.1,9,1.474,10.015,,
42,2.1,9,1.495,9.999,,
37,2.1,9,1.391,9.998,,
36,2.1,9,1.37,9.975,,
43,2.1,9,1.515,9.972,,
35,2.1,9,1.348,9.942,,
44,2.1,9,1.535,9.938,,
34,2.1,9,1.327,9.901,,
45,2.1,9,1.554,9.893,,
33,2.1,9,1.305,9.85,,
46,2.1,9,1.574,9.841,,
32,2.1,9,1.283,9.792,,
47,2.1,9,1.593,9.778,,
31,2.1,9,1.261,9.732,,
48,2.1,9,1.611,9.705,,
30,2.1,9,1.239,9.661,,
49,2.1,9,1.63,9.624,,
50,2.1,9,1.648,9.537,,
43,2,14,2.126,21.768,1,
42,2,14,2.092,21.765,,
44,2,14,2.159,21.748,,
41,2,14,2.057,21.739,,
45,2,14,2.192,21.705,,
40,2,14,2.023,21.696,,
46,2,14,2.224,21.634,,
39,2,14,1.988,21.63,,
47,2,14,2.256,21.545,,
38,2,14,1.952,21.535,,
48,2,14,2.288,21.434,,
37,2,14,1.916,21.428,,
49,2,14,2.319,21.3,,
36,2,14,1.88,21.293,,
35,2,14,1.843,21.141,,
50,2,14,2.349,21.139,,
34,2,14,1.806,20.967,,
33,2,14,1.769,20.776,,
32,2,14,1.732,20.563,,
31,2,14,1.694,20.329,,
30,2,14,1.656,20.084,,
42,2,13,1.967,19.003,,
43,2,13,1.998,18.996,,
41,2,13,1.935,18.99,,
44,2,13,2.029,18.974,,
40,2,13,1.903,18.956,,
45,2,13,2.059,18.927,,
39,2,13,1.871,18.903,,
46,2,13,2.089,18.865,,
38,2,13,1.838,18.834,,
47,2,13,2.118,18.783,,
37,2,13,1.805,18.745,,
48,2,13,2.147,18.676,,
36,2,13,1.772,18.637,,
49,2,13,2.175,18.554,,
35,2,13,1.738,18.513,,
50,2,13,2.203,18.413,,
34,2,13,1.705,18.376,,
33,2,13,1.67,18.213,,
32,2,13,1.636,18.042,,
31,2,13,1.602,17.851,,
30,2,13,1.567,17.642,,
42,2,12,1.843,16.44,,
41,2,12,1.814,16.433,,
43,2,12,1.871,16.425,,
40,2,12,1.785,16.413,,
44,2,12,1.899,16.397,,
39,2,12,1.756,16.376,,
45,2,12,1.927,16.355,,
38,2,12,1.726,16.321,,
46,2,12,1.954,16.293,,
37,2,12,1.696,16.254,,
47,2,12,1.981,16.217,,
36,2,12,1.666,16.174,,
48,2,12,2.008,16.123,,
35,2,12,1.635,16.077,,
49,2,12,2.033,16.009,,
34,2,12,1.604,15.962,,
50,2,12,2.059,15.882,,
33,2,12,1.573,15.836,,
32,2,12,1.542,15.697,,
31,2,12,1.511,15.542,,
30,2,12,1.479,15.375,,
41,2,11,1.695,14.076,,
42,2,11,1.721,14.073,,
40,2,11,1.669,14.064,,
43,2,11,1.747,14.054,,
39,2,11,1.642,14.041,,
44,2,11,1.772,14.025,,
38,2,11,1.615,14.003,,
45,2,11,1.797,13.977,,
37,2,11,1.588,13.955,,
46,2,11,1.822,13.922,,
36,2,11,1.561,13.892,,
47,2,11,1.846,13.849,,
35,2,11,1.533,13.818,,
48,2,11,1.87,13.764,,
34,2,11,1.506,13.734,,
49,2,11,1.893,13.665,,
33,2,11,1.478,13.635,,
50,2,11,1.916,13.551,,
32,2,11,1.45,13.526,,
31,2,11,1.421,13.403,,
30,2,11,1.393,13.27,,
41,2,10,1.578,11.909,,
40,2,10,1.554,11.908,,
39,2,10,1.531,11.898,,
42,2,10,1.601,11.898,,
43,2,10,1.624,11.877,,
38,2,10,1.507,11.875,,
44,2,10,1.646,11.844,,
37,2,10,1.482,11.84,,
45,2,10,1.669,11.802,,
36,2,10,1.458,11.8,,
46,2,10,1.691,11.747,,
35,2,10,1.433,11.743,,
47,2,10,1.713,11.683,,
34,2,10,1.409,11.681,,
33,2,10,1.384,11.607,,
48,2,10,1.734,11.603,,
32,2,10,1.359,11.525,,
49,2,10,1.755,11.514,,
31,2,10,1.334,11.435,,
50,2,10,1.776,11.416,,
30,2,10,1.308,11.332,,
39,2,9,1.421,9.942,,
40,2,9,1.442,9.942,,
41,2,9,1.463,9.937,,
38,2,9,1.4,9.929,,
42,2,9,1.483,9.922,,
37,2,9,1.379,9.912,,
43,2,9,1.503,9.896,,
36,2,9,1.357,9.884,,
44,2,9,1.523,9.863,,
35,2,9,1.336,9.849,,
45,2,9,1.543,9.82,,
34,2,9,1.314,9.804,,
46,2,9,1.562,9.769,,
33,2,9,1.292,9.756,,
47,2,9,1.582,9.71,,
32,2,9,1.27,9.697,,
48,2,9,1.6,9.638,,
31,2,9,1.248,9.632,,
49,2,9,1.619,9.559,,
30,2,9,1.226,9.556,,
50,2,9,1.637,9.473,,
43,1.9,14,2.117,21.676,1,
42,1.9,14,2.083,21.672,,
44,1.9,14,2.15,21.657,,
41,1.9,14,2.048,21.644,,
45,1.9,14,2.183,21.616,,
40,1.9,14,2.013,21.594,,
46,1.9,14,2.216,21.551,,
39,1.9,14,1.978,21.526,,
47,1.9,14,2.248,21.464,,
38,1.9,14,1.942,21.43,,
48,1.9,14,2.279,21.354,,
37,1.9,14,1.906,21.316,,
49,1.9,14,2.31,21.222,,
36,1.9,14,1.87,21.18,,
50,1.9,14,2.341,21.067,,
35,1.9,14,1.833,21.027,,
34,1.9,14,1.796,20.851,,
33,1.9,14,1.759,20.653,,
32,1.9,14,1.721,20.439,,
31,1.9,14,1.683,20.203,,
30,1.9,14,1.645,19.951,,
42,1.9,13,1.957,18.911,,
43,1.9,13,1.988,18.906,,
41,1.9,13,1.926,18.896,,
44,1.9,13,2.019,18.885,,
40,1.9,13,1.893,18.857,,
45,1.9,13,2.05,18.844,,
39,1.9,13,1.861,18.807,,
46,1.9,13,2.08,18.784,,
38,1.9,13,1.828,18.731,,
47,1.9,13,2.109,18.703,,
37,1.9,13,1.795,18.641,,
48,1.9,13,2.138,18.602,,
36,1.9,13,1.762,18.531,,
49,1.9,13,2.167,18.482,,
35,1.9,13,1.728,18.401,,
50,1.9,13,2.195,18.342,,
34,1.9,13,1.694,18.257,,
33,1.9,13,1.66,18.099,,
32,1.9,13,1.625,17.921,,
31,1.9,13,1.59,17.723,,
30,1.9,13,1.556,17.518,,
42,1.9,12,1.833,16.351,,
41,1.9,12,1.804,16.342,,
43,1.9,12,1.862,16.341,,
40,1.9,12,1.775,16.317,,
44,1.9,12,1.89,16.315,,
39,1.9,12,1.745,16.278,,
45,1.9,12,1.917,16.271,,
38,1.9,12,1.715,16.222,,
46,1.9,12,1.945,16.213,,
37,1.9,12,1.685,16.153,,
47,1.9,12,1.972,16.139,,
36,1.9,12,1.655,16.067,,
48,1.9,12,1.998,16.047,,
35,1.9,12,1.624,15.969,,
49,1.9,12,2.024,15.938,,
34,1.9,12,1.593,15.853,,
50,1.9,12,2.05,15.813,,
33,1.9,12,1.562,15.72,,
32,1.9,12,1.531,15.58,,
31,1.9,12,1.499,15.424,,
30,1.9,12,1.467,15.251,,
41,1.9,11,1.684,13.984,,
42,1.9,11,1.71,13.983,,
40,1.9,11,1.658,13.971,,
43,1.9,11,1.736,13.97,,
39,1.9,11,1.631,13.947,,
44,1.9,11,1.762,13.942,,
38,1.9,11,1.604,13.908,,
45,1.9,11,1.787,13.9,,
37,1.9,11,1.577,13.854,,
46,1.9,11,1.811,13.842,,
36,1.9,11,1.55,13.794,,
47,1.9,11,1.836,13.774,,
35,1.9,11,1.522,13.714,,
48,1.9,11,1.86,13.69,,
34,1.9,11,1.494,13.624,,
49,1.9,11,1.883,13.593,,
33,1.9,11,1.466,13.524,,
50,1.9,11,1.907,13.484,,
32,1.9,11,1.438,13.414,,
31,1.9,11,1.409,13.29,,
30,1.9,11,1.381,13.156,,
41,1.9,10,1.566,11.823,,
40,1.9,10,1.543,11.82,,
42,1.9,10,1.59,11.816,,
39,1.9,10,1.519,11.805,,
43,1.9,10,1.613,11.797,,
38,1.9,10,1.495,11.781,,
44,1.9,10,1.636,11.768,,
37,1.9,10,1.471,11.748,,
45,1.9,10,1.658,11.724,,
36,1.9,10,1.446,11.702,,
46,1.9,10,1.68,11.674,,
35,1.9,10,1.421,11.644,,
47,1.9,10,1.702,11.608,,
34,1.9,10,1.396,11.578,,
48,1.9,10,1.723,11.532,,
33,1.9,10,1.371,11.502,,
49,1.9,10,1.744,11.445,,
32,1.9,10,1.346,11.419,,
50,1.9,10,1.765,11.348,,
31,1.9,10,1.321,11.323,,
30,1.9,10,1.296,11.224,,
40,1.9,9,1.43,9.859,,
41,1.9,9,1.451,9.856,,
39,1.9,9,1.409,9.855,,
38,1.9,9,1.388,9.844,,
42,1.9,9,1.471,9.842,,
37,1.9,9,1.366,9.822,,
43,1.9,9,1.492,9.821,,
36,1.9,9,1.345,9.793,,
44,1.9,9,1.512,9.789,,
35,1.9,9,1.323,9.754,,
45,1.9,9,1.531,9.746,,
34,1.9,9,1.301,9.711,,
46,1.9,9,1.551,9.7,,
33,1.9,9,1.279,9.658,,
47,1.9,9,1.57,9.64,,
32,1.9,9,1.257,9.594,,
48,1.9,9,1.589,9.572,,
31,1.9,9,1.235,9.527,,
49,1.9,9,1.608,9.494,,
30,1.9,9,1.212,9.451,,
50,1.9,9,1.626,9.409,,
43,1.8,14,2.108,21.584,1,
42,1.8,14,2.074,21.578,,
44,1.8,14,2.141,21.567,,
41,1.8,14,2.039,21.549,,
45,1.8,14,2.175,21.531,,
40,1.8,14,2.004,21.498,,
46,1.8,14,2.207,21.468,,
39,1.8,14,1.969,21.423,,
47,1.8,14,2.239,21.383,,
38,1.8,14,1.933,21.325,,
48,1.8,14,2.271,21.279,,
37,1.8,14,1.897,21.21,,
49,1.8,14,2.302,21.148,,
36,1.8,14,1.86,21.067,,
50,1.8,14,2.333,20.995,,
35,1.8,14,1.823,20.912,,
34,1.8,14,1.786,20.729,,
33,1.8,14,1.748,20.53,,
32,1.8,14,1.71,20.308,,
31,1.8,14,1.672,20.071,,
30,1.8,14,1.634,19.817,,
43,1.8,13,1.979,18.82,,
42,1.8,13,1.948,18.819,,
44,1.8,13,2.01,18.801,,
41,1.8,13,1.916,18.798,,
40,1.8,13,1.884,18.762,,
45,1.8,13,2.041,18.762,,
39,1.8,13,1.851,18.706,,
46,1.8,13,2.071,18.702,,
38,1.8,13,1.818,18.629,,
47,1.8,13,2.1,18.623,,
37,1.8,13,1.785,18.532,,
48,1.8,13,2.129,18.524,,
36,1.8,13,1.751,18.421,,
49,1.8,13,2.158,18.405,,
35,1.8,13,1.717,18.29,,
50,1.8,13,2.186,18.267,,
34,1.8,13,1.683,18.144,,
33,1.8,13,1.649,17.979,,
32,1.8,13,1.614,17.799,,
31,1.8,13,1.579,17.601,,
30,1.8,13,1.544,17.388,,
42,1.8,12,1.823,16.257,,
43,1.8,12,1.852,16.254,,
41,1.8,12,1.794,16.247,,
44,1.8,12,1.88,16.228,,
40,1.8,12,1.765,16.225,,
45,1.8,12,1.908,16.19,,
39,1.8,12,1.735,16.18,,
46,1.8,12,1.935,16.134,,
38,1.8,12,1.705,16.123,,
47,1.8,12,1.962,16.061,,
37,1.8,12,1.674,16.048,,
48,1.8,12,1.989,15.971,,
36,1.8,12,1.644,15.96,,
49,1.8,12,2.015,15.864,,
35,1.8,12,1.613,15.856,,
50,1.8,12,2.041,15.743,,
34,1.8,12,1.582,15.738,,
33,1.8,12,1.55,15.604,,
32,1.8,12,1.519,15.458,,
31,1.8,12,1.487,15.3,,
30,1.8,12,1.455,15.126,,
41,1.8,11,1.674,13.897,,
42,1.8,11,1.7,13.897,,
43,1.8,11,1.726,13.885,,
40,1.8,11,1.647,13.878,,
44,1.8,11,1.751,13.859,,
39,1.8,11,1.62,13.853,,
45,1.8,11,1.776,13.818,,
38,1.8,11,1.593,13.808,,
46,1.8,11,1.801,13.766,,
37,1.8,11,1.566,13.757,,
47,1.8,11,1.826,13.699,,
36,1.8,11,1.538,13.687,,
48,1.8,11,1.85,13.617,,
35,1.8,11,1.51,13.611,,
34,1.8,11,1.482,13.52,,
49,1.8,11,1.873,13.52,,
33,1.8,11,1.454,13.414,,
50,1.8,11,1.897,13.413,,
32,1.8,11,1.425,13.298,,
31,1.8,11,1.397,13.172,,
30,1.8,11,1.368,13.037,,
41,1.8,10,1.555,11.736,,
40,1.8,10,1.531,11.732,,
42,1.8,10,1.578,11.731,,
43,1.8,10,1.602,11.716,,
39,1.8,10,1.507,11.715,,
38,1.8,10,1.483,11.69,,
44,1.8,10,1.624,11.686,,
37,1.8,10,1.459,11.652,,
45,1.8,10,1.647,11.65,,
36,1.8,10,1.434,11.601,,
46,1.8,10,1.669,11.597,,
35,1.8,10,1.409,11.546,,
47,1.8,10,1.691,11.536,,
34,1.8,10,1.384,11.478,,
48,1.8,10,1.713,11.462,,
33,1.8,10,1.359,11.398,,
49,1.8,10,1.734,11.376,,
32,1.8,10,1.333,11.309,,
50,1.8,10,1.755,11.281,,
31,1.8,10,1.308,11.216,,
30,1.8,10,1.282,11.107,,
40,1.8,9,1.418,9.776,,
41,1.8,9,1.439,9.774,,
39,1.8,9,1.397,9.771,,
42,1.8,9,1.459,9.762,,
38,1.8,9,1.375,9.755,,
43,1.8,9,1.48,9.742,,
37,1.8,9,1.354,9.732,,
44,1.8,9,1.5,9.711,,
36,1.8,9,1.332,9.698,,
45,1.8,9,1.52,9.673,,
35,1.8,9,1.31,9.661,,
46,1.8,9,1.539,9.625,,
34,1.8,9,1.288,9.614,,
47,1.8,9,1.559,9.569,,
33,1.8,9,1.266,9.556,,
48,1.8,9,1.578,9.503,,
32,1.8,9,1.244,9.495,,
49,1.8,9,1.597,9.43,,
31,1.8,9,1.221,9.423,,
50,1.8,9,1.615,9.346,,
30,1.8,9,1.199,9.345,,
